title,brand,rating,ratings_number,price,prime_option,answers,first_date,sponsored_option,position,page
EVO Boxing Gloves with Hand Wraps For Men and Women With Leather Pro Gel for Muay Thai Kick Boxing Sparring Fighting &amp; Training,Brand: EVO Fitness,4.6 out of 5 stars,584 ratings,Â£22.99,True,"
12 answered questions
","
6 Feb. 2014
",False,0,1
EMRAH V-2.1 Boxing Gloves Matte Hide Boxing Training,Visit the EMRAH Store,4.6 out of 5 stars,447 ratings,Â£23.91,True,"
3 answered questions
","
3 July 2017
",True,1,1
"RDX Boxing Gloves for Training and Muay Thai, Maya Hide Leather Mitts for Fighting, Kickboxing, Sparring, EGO Glove for Punch Bag, Focus Pads, Thai Pad and Double End Ball Punching",Visit the RDX Store,4.7 out of 5 stars,"1,817 ratings",Â£28.99,True,"
47 answered questions
","
27 Aug. 2020
",True,2,1
"RDX Boxing Gloves for Training Muay Thai Maya Hide Leather NOIR Gloves for Sparring, Kickboxing, Fighting, Punch Bags and Focus Pads Punching Matte Black",Visit the RDX Store,4.7 out of 5 stars,"1,597 ratings",Â£28.99,True,"
28 answered questions
","
5 Oct. 2018
",True,3,1
EVO Boxing Gloves with Hand Wraps For Men and Women With Leather Pro Gel for Muay Thai Kick Boxing Sparring Fighting &amp; Training,Brand: EVO Fitness,4.6 out of 5 stars,584 ratings,Â£22.99,True,"
12 answered questions
","
6 Feb. 2014
",False,4,1
"Lions Boxing Gloves MMA Punch Bag Training Mitts 6oz, 8oz, 10oz, 14oz, 16oz, Black, Pink, Red",Visit the Lions Store,4.5 out of 5 stars,"1,303 ratings",Â£14.94 - Â£29.99,False,"
33 answered questions
","
16 Mar. 2015
",False,5,1
SAWANSÂ® Leather Boxing Gloves Professional MMA Sparring Kickboxing Punch Bag Training Muay Thai Fighting,Brand: SAWANS,4.6 out of 5 stars,230 ratings,Â£16.99,False,0,"
19 Oct. 2019
",False,6,1
"Boxing Gloves for Training, Muay Thai, Sparring, Kickboxing, Fighting, Focus Pads, Punch Bag Mitts, Martial Arts, Workout Gloves, | 6oz, 8oz, 10oz, 12oz, 14oz, 16oz | Men &amp; Women",Brand: Sparta,4.5 out of 5 stars,269 ratings,Â£11.99,False,"
5 answered questions
","
12 Feb. 2020
",False,8,1
"RDX Boxing Gloves Sparring and Muay Thai Maya Hide Leather, KARA Patent Pending Training Mitt for Kickboxing, Punch Bag, Focus Pads, MMA, Thai Pad, Double End Ball Punching Fight Gloves",Visit the RDX Store,4.9 out of 5 stars,85 ratings,Â£19.99 - Â£28.99,True,0,"
6 Nov. 2020
",False,9,1
"RDX Boxing Gloves for Training Muay Thai Maya Hide Leather NOIR Gloves for Sparring, Kickboxing, Fighting, Punch Bags and Focus Pads Punching Matte Black",Visit the RDX Store,4.7 out of 5 stars,"1,597 ratings",Â£28.99 - Â£31.99,True,"
28 answered questions
","
5 Oct. 2018
",False,10,1
Boxing sparing punching pads and bag glove rex leather + FREE hand wraps &amp; skipping rope,Brand: Vader Sports,4.6 out of 5 stars,154 ratings,Â£39.99,True,0,"
22 Jan. 2016
",False,11,1
EVO Fitness Matte Boxing pads and Gloves Set Target Focus pads Mitts and Boxing Gloves Hook and Jab Training Sparring MMA Martial Arts Muay Thai Kickboxing Karate,Brand: EVO Fitness,4.4 out of 5 stars,98 ratings,Â£34.99,True,"
4 answered questions
","
22 May 2016
",False,13,1
EMRAH V-2.1 Boxing Gloves Matte Hide Boxing Training,Visit the EMRAH Store,4.6 out of 5 stars,447 ratings,Â£23.87 - Â£23.91,True,"
3 answered questions
","
3 July 2017
",False,14,1
"GoMax Leather Boxing Gloves 6,8,10,12,14,16 oz Boxing Gloves for Training Punching bag Sparring, Punching Boxing Bag Gloves Mitts Muay Thai Kickboxing MMA Martial Arts Workout Gloves",Brand: GO MAX,4.6 out of 5 stars,410 ratings,Â£14.99 - Â£16.99,False,"
7 answered questions
","
14 Sept. 2019
",False,15,1
"Everlast Unisex's Men's Pro Style Elite Training Boxing Gloves-Red, 16 oz",Brand: Everlast,4.3 out of 5 stars,45 ratings,Â£29.99,True,0,"
3 Mar. 2015
",False,16,1
"Boxing Inner GEL Gloves for Punching Neoprene Padded Fist Protector Bandages under Mitts Quick Long 1 meter Wrist Support, Great for MMA, Muay Thai, Kickboxing, Martial Arts Training for Men &amp; Women",Brand: Vector sports &amp; Fitness,4.0 out of 5 stars,4 ratings,Â£8.99,False,0,"
30 Sept. 2020
",True,17,1
Farabi Kids Boxing Gloves 4-oz Junior Boxing Gloves Punching Mitt Kids Training Boxing Gloves for the kids age ranging between 3 to 8 Years,Brand: Farabi Sports,4.7 out of 5 stars,707 ratings,Â£12.99,False,"
6 answered questions
","
17 Oct. 2012
",False,18,1
EVO Maya Hide Leather Pro GEL Boxing Gloves For MMA Punch Bag Sparring Muay Thai KickBoxing Fighting Training Glove with FREE Boxing Hand Wraps,Brand: EVO Fitness,4.6 out of 5 stars,246 ratings,Â£19.99 - Â£20.99,True,"
6 answered questions
","
6 Feb. 2014
",False,19,1
Reebok Boxing Gloves,Visit the Reebok Store,4.5 out of 5 stars,574 ratings,Â£25.99 - Â£57.98,False,0,"
10 Jan. 2018
",False,20,1
"SKL Kids Boxing Gloves for Training, 4Oz Punch Mitts Gloves PU Cartoon Sparring Training Gloves for Fighting, Kick Boxing",Brand: SKL,4.7 out of 5 stars,890 ratings,Â£13.98,False,"
4 answered questions
","
26 Aug. 2017
",False,21,1
"RDX Boxing Hand Wraps Inner Gloves for Punching, Elasticated Padded Bandages under Mitts, Quick Long Wrist Support, Fist Protector, Great for MMA, Muay Thai, Kickboxing, Martial Arts Training",Visit the RDX Store,4.5 out of 5 stars,"2,831 ratings",Â£8.99 - Â£11.99,False,"
25 answered questions
","
25 Feb. 2019
",False,22,1
adidas Boxing Gloves Men Women Kids Sparring Training Hybrid 100 6oz 8oz 10oz 12oz 14oz 16oz,Visit the adidas Store,4.6 out of 5 stars,707 ratings,Â£29.00 - Â£61.19,True,"
19 answered questions
","
6 Aug. 2018
",False,23,1
"RDX Boxing Gloves for Training and Muay Thai, Maya Hide Leather Mitts for Fighting, Kickboxing, Sparring, EGO Glove for Punch Bag, Focus Pads, Thai Pad and Double End Ball Punching",Visit the RDX Store,4.7 out of 5 stars,"1,817 ratings",Â£28.99 - Â£31.99,True,"
47 answered questions
","
27 Aug. 2020
",False,24,1
"Wolon Boxing Gloves 10oz 12oz 16oz for Training and Sparring, Muay Thai, Kickboxing, MMA, Heavy Bag and Focus Pads. For Men and Women PU Leather for long lasting durability.",Brand: Wolon,4.9 out of 5 stars,47 ratings,Â£28.99 - Â£30.99,True,0,"
17 July 2020
",False,25,1
Valour Strike Boxing Gloves for Men Women Ladies Juniors &amp; Kids | Set in Ounce 16oz 14oz 12oz 10oz 8oz for Pro Sparring Kickboxing MMA Muay Thai or Boxercise Training Workout | Black Pawâ„¢,Visit the Valour Strike Store,4.6 out of 5 stars,177 ratings,Â£29.95,True,"
10 answered questions
","
16 Aug. 2019
",False,26,1
EVO Fitness Ladies GEL Rex Leather Boxing Gloves Punch Bag MMA Muay Thai Martial Arts Kick Boxing,Brand: EVO Fitness,4.7 out of 5 stars,730 ratings,Â£18.99 - Â£19.99,True,"
22 answered questions
","
17 Jan. 2014
",False,27,1
"RDX Kids Boxing Gloves Sparring and Muay Thai Maya Hide Leather, KARA Patent Pending Junior Training Mitt for Kickboxing, Punch Bag, Focus Pads, MMA, Thai Pad, Double End Ball Punching Fight Gloves",Visit the RDX Store,4.8 out of 5 stars,50 ratings,Â£19.99,False,0,"
6 Nov. 2020
",False,28,1
EVO Fitness Ladies Matte Pink Boxing Gloves Punch Bag Women MMA Muay Thai Martial Arts Kick Boxing Girls Sparring Training Fighting Gloves With Hand Wraps,Brand: EVO Fitness,4.8 out of 5 stars,40 ratings,Â£18.99,False,0,"
13 Sept. 2020
",False,0,2
Twins Special Muay Thai Boxing Gloves BGVL-3 Black 8-10-12-14-16 Oz.,Brand: Twins special,4.8 out of 5 stars,767 ratings,Â£82.42 - Â£115.00,False,"
50 answered questions
","
27 Oct. 2013
",False,1,2
Farabi Kids Junior Boxing Gloves Muay Thai Kickboxing Sparring Punching Bag Training Gloves,Brand: Farabi Sports,4.8 out of 5 stars,379 ratings,Â£17.99,False,"
3 answered questions
","
1 Feb. 2019
",False,2,2
"RDX Kids Boxing Gloves for Training, Muay Thai, Maya hide leather Junior 6oz Mitts for Kickboxing, Sparring, Fighting, Good for Youth Punch Bag, Grappling Dummy and Focus Pads Punching",Visit the RDX Store,4.7 out of 5 stars,161 ratings,Â£19.99,False,0,"
14 Nov. 2019
",False,3,2
Farabi Boxing Gloves Sparring Punching Bag Training Bag Mitt Gel,Brand: Farabi Sports,4.7 out of 5 stars,426 ratings,Â£19.99,False,"
8 answered questions
","
6 Sept. 2013
",False,4,2
"RDX Boxing Gloves for Training Muay Thai Maya Hide Leather Mitts for Sparring, Kickboxing, Fighting Great for Heavy Punch Bag, Double End Speed Ball Focus Pads Punching",Visit the RDX Store,3.9 out of 5 stars,9 ratings,Â£43.99 - Â£46.99,True,0,"
25 Nov. 2019
",False,5,2
adidas Children's Speed 50 Boxing Gloves,Visit the adidas Store,4.7 out of 5 stars,979 ratings,Â£22.25 - Â£54.60,True,"
28 answered questions
","
1 Sept. 2018
",False,6,2
Venum Men's Impact Boxing Gloves,Visit the Venum Store,4.5 out of 5 stars,"1,041 ratings",Â£55.57 - Â£78.65,True,"
6 answered questions
","
10 April 2017
",False,7,2
Starpro C20 Single Shell Boxing Gloves| PU Leather| Black &amp; White | For Training and Sparring in Muay Thai Kickboxing Fitness and Boxercise |Men &amp; Women |8oz 10oz 12oz 14oz 16oz,Visit the Starpro Store,4.8 out of 5 stars,126 ratings,Â£16.99 - Â£19.99,False,0,"
4 Mar. 2019
",False,8,2
"Junior kids 6-oz Boxing Gloves Sparring, training bag mitt gloves",Brand: Farabi Sports,4.6 out of 5 stars,421 ratings,Â£12.99,False,"
11 answered questions
","
15 May 2012
",False,9,2
"RDX Kids Boxing Gloves for Training &amp; Muay Thai Maya Hide Leather Junior 4oz, 6oz Mitts for Sparring, Focus Pads, Fighting &amp; Kickboxing Good for Youth Punch Bag, Punching and Grappling Dummy",Visit the RDX Store,4.8 out of 5 stars,787 ratings,Â£13.99 - Â£16.99,False,"
11 answered questions
","
12 July 2016
",False,10,2
ISLERO Kids Boxing Gloves MMA GEL Punch Bag Muay Thai Martial art Training 4oz 6Oz 8Oz,Brand: Islero Fitness,4.7 out of 5 stars,245 ratings,Â£15.99,False,0,"
18 Jun. 2017
",False,11,2
Dtown Boxing Gloves for Kids 4oz 6 oz Training Sparring Punch Bag Mitt for Child Age 3 to 12 Years,Brand: Dtown,4.7 out of 5 stars,250 ratings,Â£18.98 - Â£20.98,False,0,"
26 Jan. 2019
",False,12,2
"Farabi Kids Boxing Gloves, Junior Boxing Training Gloves",Visit the Farabi Sports Store,4.8 out of 5 stars,246 ratings,Â£14.99,False,"
8 answered questions
","
1 Dec. 2020
",False,13,2
Evo Ladies Pink Elasticated Gel Gloves Boxing Wrist Hand Wraps Support Straps MMA Bag Inner Glove (Small/Medium),Brand: EVO Fitness,4.3 out of 5 stars,395 ratings,Â£5.99,False,"
3 answered questions
","
17 Oct. 2015
",False,14,2
XGEEK 2PCS PU Leather Punching Kicking Palm Pad Target Mitt Glove for Focus Training of Karate MuayThai Kick Boxing UFC MMA,Visit the XGEEK Store,4.5 out of 5 stars,767 ratings,Â£15.59,False,"
3 answered questions
","
13 Oct. 2015
",False,16,2
"Farabi Junior kids 6-oz Boxing Gloves Sparring , training bag mitt gloves Kids Boxing Gloves Junior Boxing Gloves Punching Mitt Kids Training Boxing Gloves for the kids age ranging between 3 to 12 Year.",Brand: Farabi Sports,4.6 out of 5 stars,78 ratings,Â£12.99,False,0,"
16 Feb. 2016
",False,17,2
EVO Fitness Elasticated GEL Inner Gloves Boxing Bag Hand Wraps MMA Grappling UFC,Brand: EVO Fitness,4.1 out of 5 stars,46 ratings,Â£4.99 - Â£7.99,False,0,"
26 Oct. 2016
",False,18,2
ONEX Boxing Gloves for Kids 6oz Training Punching Sparring Bag Fight Gloves Punch Bag Mitts Muay Thai Kickboxing MMA Martial Arts Workout Juniors Girls and Boys,Brand: ONEX,4.6 out of 5 stars,331 ratings,Â£13.99,False,0,"
3 May 2019
",False,19,2
"A1 Fight Gear Boxing Gloves - 10oz, 12oz, 14oz, 16oz Top Grain Cowhide Leather Training Gloves, Hand Made, Fully Attached Thumb - Muay Thai, Kickboxing, Sparring, Boxercise, Punchbag",Visit the A1 Fight Gear Store,4.9 out of 5 stars,33 ratings,Â£39.97,True,0,"
5 Dec. 2020
",False,20,2
"Lions Classic Adult Unisex Boxing Gloves For MMA, Sparring, Punch Bag Training",Visit the Lions Store,4.6 out of 5 stars,32 ratings,Â£14.95,True,0,"
30 Oct. 2019
",False,21,2
adidas Men's Hybrid 50 Boxing,Visit the adidas Store,4.7 out of 5 stars,179 ratings,Â£30.29 - Â£49.07,True,0,"
16 Aug. 2019
",False,22,2
Farabi Boxing Gloves Training Sparring Punching Bag Focus Pads Training Gloves Pair 8-oz 10-oz 12-oz 14-oz 16oz,Brand: Farabi Sports,4.7 out of 5 stars,280 ratings,Â£19.99,False,"
7 answered questions
","
29 Mar. 2015
",False,23,2
EVO Fitness Boxing Gloves Men Punch Bag Women MMA Muay Thai Martial Arts Kick Boxing Sparring Training Fighting UFC Adults Gloves With Hand Wraps,Brand: EVO Fitness,4.0 out of 5 stars,1 rating,Â£16.99,False,0,"
28 Dec. 2020
",False,24,2
XN8 Boxing Gloves for Training Punch bag-Lamina Hide Leather Mitts For Fighting-Kickboxing-Sparring-Muay Thai-Great for Double End Speed Ball &amp; Focus Pads Punching,Visit the Xn8 Sports Store,4.4 out of 5 stars,29 ratings,Â£15.99 - Â£17.99,False,0,"
9 Aug. 2015
",False,25,2
"GoMax Leather Boxing Gloves 6,8,10,12,14,16 oz Boxing Gloves for Training Punching Sparring Punching Boxing Bag Gloves Mitts Muay Thai Kickboxing MMA Martial Arts Workout Gloves",Brand: GO MAX,4.8 out of 5 stars,105 ratings,Â£15.99,False,"
3 answered questions
","
23 Nov. 2019
",False,26,2
EVO Fitness Ladies Pink GEL Rex Leather Boxing Gloves Punch Bag MMA Muay Thai Martial Arts Kick Boxing Sparring Women Training 3.5 meter Long Boxing Hand Wraps Included Free !!!,Brand: EVO Fitness,4.5 out of 5 stars,133 ratings,Â£18.99,True,"
4 answered questions
","
25 May 2016
",False,27,2
"RDX Boxing Gloves for Training Muay Thai Cowhide Leather Mitts for Sparring, Kickboxing Fighting Great for Heavy Punch Bag, Focus Pads, Grappling Dummy and Speed Ball Punching",Visit the RDX Store,4.2 out of 5 stars,24 ratings,Â£45.99 - Â£48.99,True,0,"
7 Jun. 2018
",False,28,2
Ringside Boxing Pro Fitness Glove Synthetic Leather Glove Metallic White/Black/Gold,Brand: Ringside Boxing,4.8 out of 5 stars,9 ratings,Â£55.00,True,0,"
26 May 2016
",False,29,2
"RDX Kids Boxing Gloves for Training and Muay Thai, Maya Hide Leather Junior Mitts for Kickboxing, Sparring and Fighting, Good for Youth Punch Bag, Grappling Dummy and Focus Pads Punching",Visit the RDX Store,4.8 out of 5 stars,46 ratings,Â£20.99,True,0,"
4 May 2017
",False,30,2
Farabi Boxing Gloves Kids Junior Muay Thai Kick Boxing Training MMA Punching Bag,Brand: Farabi Sports,4.7 out of 5 stars,397 ratings,Â£12.99 - Â£17.99,False,"
5 answered questions
","
22 Jun. 2018
",False,31,2
Islero Fitness EVO Kids Boxing Gloves Junior MMA Bag Mitts GEL Punching Bag Muay Thai Martial Arts Kick Boxing Sparring Training Fighting UFC 4OZ 6OZ 8OZ,Brand: Islero Fitness,4.3 out of 5 stars,36 ratings,Â£13.99 - Â£14.99,False,0,"
18 Jun. 2017
",False,32,2
"RDX Women Boxing Gloves for Training Muay Thai Flora Skin Ladies Mitts for Fighting, Kickboxing, Sparring Good for Punch Bag, Focus Pads and Double End Ball Punching",Visit the RDX Store,4.4 out of 5 stars,13 ratings,Â£32.99,True,0,"
10 Aug. 2018
",False,33,2
"Farabi Star Kids Boxing gloves best for kickboxing, Martial Arts, MMA, Muay Thai, Fitness and Gym training 6-oz",Brand: Farabi Sports,4.6 out of 5 stars,151 ratings,Â£12.99,False,0,"
29 Oct. 2013
",False,34,2
"Kids Boxing gloves, MMA, Muay thai junior punch bag mitts Pink 4 Oz by Farabi",Brand: Farabi Sports,4.7 out of 5 stars,198 ratings,Â£12.99,False,"
3 answered questions
","
<style type=""text/css"">
/*
* Fix for UDP-1061. Average customer reviews has a small extra line on hover
* https://omni-grok.amazon.com/xref/src/appgroup/websiteTemplates/retail/SoftlinesDetailPageAssets/udp-intl-lock/src/legacy.css?indexName=WebsiteTemplates#40
*/
.noUnderline a:hover {
text-decoration: none;
}
</style>



















<div id=""averageCustomerReviews"" data-asin=""B00OW314FG"" data-ref=""dpx_acr_pop_"">












<span class=""a-declarative"" data-action=""acrStarsLink-click-metrics"" data-acrstarslink-click-metrics=""{}"">



<span id=""acrPopover"" class=""reviewCountTextLinkedHistogram noUnderline"" title=""4.7 out of 5 stars"">
<span class=""a-declarative"" data-action=""a-popover"" data-a-popover=""{&quot;max-width&quot;:&quot;700&quot;,&quot;closeButton&quot;:&quot;false&quot;,&quot;position&quot;:&quot;triggerBottom&quot;,&quot;url&quot;:&quot;/gp/customer-reviews/widgets/average-customer-review/popover/ref=dpx_acr_pop_?contextId=dpx&amp;asin=B00OW314FG&quot;}"">
<a href=""javascript:void(0)"" class=""a-popover-trigger a-declarative"">

<i class=""a-icon a-icon-star a-star-4-5""><span class=""a-icon-alt"">4.7 out of 5 stars</span></i>

<i class=""a-icon a-icon-popover""></i></a>
</span>
<span class=""a-letter-space""></span>
</span>



</span>
<span class=""a-letter-space""></span>












<span class=""a-declarative"" data-action=""acrLink-click-metrics"" data-acrlink-click-metrics=""{}"">
<a id=""acrCustomerReviewLink"" class=""a-link-normal"" href=""#customerReviews"">
<span id=""acrCustomerReviewText"" class=""a-size-base"">198 ratings</span>
</a>
</span>
<script type=""text/javascript"">
P.when('A', 'ready').execute(function(A) {
A.declarative('acrLink-click-metrics', 'click', { ""allowLinkDefault"" : true }, function(event){
if(window.ue) {
ue.count(""acrLinkClickCount"", (ue.count(""acrLinkClickCount"") || 0) + 1);
}
});
});
</script>





<script type=""text/javascript"">
P.when('A', 'cf').execute(function(A) {
A.declarative('acrStarsLink-click-metrics', 'click', { ""allowLinkDefault"" : true },  function(event){
if(window.ue) {
ue.count(""acrStarsLinkWithPopoverClickCount"", (ue.count(""acrStarsLinkWithPopoverClickCount"") || 0) + 1);
}
});
});
</script>







</div>


<br>
4.7 out of 5 stars
",False,35,2
longeek Kids Boxing Gloves 4oz Junior Cartoon Training Sparring Punch Bag Mitt for Child Age 3 to 12Years Red,Brand: longeek,5.0 out of 5 stars,1 rating,Â£16.99,False,0,"
10 Dec. 2020
",False,36,2
Farabi Sports Boxing Gloves Punching Bag Training Focus Pads Gloves,Brand: Farabi Sports,4.7 out of 5 stars,574 ratings,Â£19.99,False,"
22 answered questions
","
7 Aug. 2016
",False,37,2
Valour Strike Boxing Gloves for Men Women Ladies Juniors &amp; Kids | Set in Ounce 16oz 14oz 12oz 10oz 8oz for Pro Sparring Kickboxing MMA Muay Thai or Boxercise Training Workout | White Pawâ„¢,Visit the Valour Strike Store,4.7 out of 5 stars,69 ratings,Â£28.95 - Â£29.95,True,0,"
17 Aug. 2019
",False,38,2
Half-finger MMA Boxing Fight Gloves With Velcro Wrist Band Thick Padding for Punching Heavy Bag Kickboxing Class Muay Thai Martial Arts Trainer Mitts,Brand: Majeck,4.1 out of 5 stars,120 ratings,Â£13.99,False,0,"
4 Dec. 2017
",False,39,2
Starpro Junior Performer Single Shell Boxing Gloves |Synthetic Leather| Black | For Youth Training and Sparring in Muay Thai Kickboxing Fitness and Boxercise| Kids 4oz 6oz 8oz,Visit the Starpro Store,4.6 out of 5 stars,93 ratings,Â£11.99 - Â£15.99,False,0,"
4 May 2020
",False,40,2
EMRAH Pro Boxing Hand Wraps | Boxing Pro Grip Inner Gloves | Boxing Gel Wraps-X,Visit the EMRAH Store,4.3 out of 5 stars,"1,466 ratings",Â£6.99 - Â£9.81,False,"
17 answered questions
","
28 Jan. 2016
",False,41,2
Lonsdale Contender Gloves Boxing Kick MMA Hand Wraps Mitts Fight Training,Brand: Lonsdale,4.3 out of 5 stars,49 ratings,Â£9.99 - Â£15.99,False,"
4 answered questions
","
29 Oct. 2015
",False,42,2
"Lions Boxing Gloves 6oz, Ideal For Kids Ages 6-11 Years Old, Pair of Sparring Mitts",Visit the Lions Store,4.0 out of 5 stars,16 ratings,Â£14.95,True,0,"
30 Oct. 2019
",False,43,2
Farabi Kids Boxing Gloves Junior Warrior Series Training Gloves,Brand: Farabi Sports,4.2 out of 5 stars,67 ratings,Â£12.99 - Â£16.99,False,0,"
22 Jun. 2018
",False,44,2
"No Stink Unisex's Sports Glove Deodouriser Yellow, One Size",Brand: No Stink,4.5 out of 5 stars,"1,330 ratings",Â£6.99,False,"
16 answered questions
","
B00U78MK4Y
",False,45,2
MAXSTRENGTH Boxing Mitts Punching Training Bag Gloves Sparring Martial Arts Muay Thai,Brand: MAXSTRENGTH,4.1 out of 5 stars,69 ratings,Â£12.85,True,0,"
25 Nov. 2019
",False,46,2
VELO Boxing Matt Leather Muay Thai Training Sparring Punching Bag Mitts kickboxing Fighting Gloves for Punch Bag | Focus Pad | Arm kick Pad (Black Edition With Free Face Mask),Visit the VELO Store,4.6 out of 5 stars,35 ratings,Â£19.99,False,0,"
11 Jun. 2020
",False,47,2
EMRAH V-2.1 Boxing Gloves Matte Hide Boxing Training,Visit the EMRAH Store,4.6 out of 5 stars,447 ratings,Â£23.91,True,"
3 answered questions
","
3 July 2017
",True,0,3
"RDX Boxing Gloves Sparring and Muay Thai Maya Hide Leather, KARA Patent Pending Training Mitt for Kickboxing, Punch Bag, Focus Pads, MMA, Thai Pad, Double End Ball Punching Fight Gloves",Visit the RDX Store,4.9 out of 5 stars,85 ratings,Â£25.99,True,0,"
6 Nov. 2020
",True,1,3
"Boxing Inner GEL Gloves for Punching Neoprene Padded Fist Protector Bandages under Mitts Quick Long 1 meter Wrist Support, Great for MMA, Muay Thai, Kickboxing, Martial Arts Training for Men &amp; Women",Brand: Vector sports &amp; Fitness,4.0 out of 5 stars,4 ratings,Â£8.99,False,0,"
30 Sept. 2020
",True,2,3
Farabi Kids Boxing Gloves Junior Warrior Series Training Gloves,Brand: Farabi Sports,4.2 out of 5 stars,67 ratings,Â£12.99 - Â£16.99,False,0,"
22 Jun. 2018
",False,4,3
Lions Womens Boxing Gloves - Martial Arts Sparring Punch Bag Training Mitts,Visit the Lions Store,4.5 out of 5 stars,70 ratings,Â£14.95,True,0,"
15 April 2019
",False,5,3
"No Stink Unisex's Sports Glove Deodouriser Yellow, One Size",Brand: No Stink,4.5 out of 5 stars,"1,330 ratings",Â£6.99,False,"
16 answered questions
","
B00U78MK4Y
",False,6,3
Evo Training Boxing Bag Inner GEL Gloves MMA Grappling Hand wraps Martial Arts Fist Protector Bandages Mitts,Brand: EVO Fitness,4.1 out of 5 stars,30 ratings,Â£3.99,False,0,"
25 Feb. 2016
",False,7,3
MAXSTRENGTH Boxing Mitts Punching Training Bag Gloves Sparring Martial Arts Muay Thai,Brand: MAXSTRENGTH,4.1 out of 5 stars,69 ratings,Â£12.85,True,0,"
25 Nov. 2019
",False,8,3
VELO Boxing Matt Leather Muay Thai Training Sparring Punching Bag Mitts kickboxing Fighting Gloves for Punch Bag | Focus Pad | Arm kick Pad (Black Edition With Free Face Mask),Visit the VELO Store,4.6 out of 5 stars,35 ratings,Â£19.99,False,0,"
11 Jun. 2020
",False,9,3
"Max Strength Focus Pad Bag Gloves Set | Synthetic Leather Curved Hook &amp; Jab Pads Hand Mitts | Great for Kickboxing, MMA, Martial Arts, Muay Thai, Karate Training | Boxing Punching, Coaching Strike Shield",Visit the MAXSTRENGTH Store,4.4 out of 5 stars,145 ratings,Â£24.85,True,"
10 answered questions
","
23 Dec. 2019
",False,10,3
"FITPACT Kids Boxing Gloves | Great For Sparring, Punching, Muay Thai, Kickboxing MMA Training | Junior Punch Bag Mitts Available in 4oz, 6oz",Visit the FITPACT Store,4.5 out of 5 stars,20 ratings,Â£12.49 - Â£15.99,False,0,"
17 May 2019
",False,11,3
EVO Fitness Pro Boxing Gloves MMA Punch Bags Sparring Muay Thai Kick Boxing Fighting Training Gloves For Men Women with Boxing Hand Wraps,Brand: EVO Fitness,4.6 out of 5 stars,101 ratings,Â£16.99 - Â£17.99,False,0,"
6 Feb. 2014
",False,12,3
"RDX MMA Gloves for Martial Arts Training and Grappling, Approved by SMMAF, Open Palm Maya Hide Leather with Long Wrist Strap, Sparring Mitts for Kickboxing Muay Thai Cage Fighting Punching and Combat",Visit the RDX Store,4.6 out of 5 stars,"1,087 ratings",Â£23.99 - Â£27.99,True,"
26 answered questions
","
5 May 2016
",False,13,3
ONEX Junior/Kids Boxing Gloves Sparring Pro 2oz-4oz Punch Bag Fight MMA Muay Thai Grappling Fight Mitts Martial Arts Training Kickboxing Punching Glove,Brand: ONEX,4.3 out of 5 stars,321 ratings,Â£8.99 - Â£9.99,False,"
5 answered questions
","
7 Aug. 2018
",False,14,3
Venum Challenger 2.0 Boxing Gloves,Visit the Venum Store,4.4 out of 5 stars,"2,859 ratings",Â£39.77 - Â£42.99,True,"
7 answered questions
","
19 Jan. 2016
",False,15,3
"REX Stealth Boxing gloves for fighters, Training gloves, Heavy duty punching gloves | Matte Black Boxing Gloves for Sparring, Kickboxing, Fighting, Punch Bags and Focus Pads Punching",Brand: REX,4.9 out of 5 stars,12 ratings,Â£17.99,False,0,"
8 Sept. 2020
",True,16,3
"Lions Boxing Gloves MMA Punch Bag Training Mitts 6oz, 8oz, 10oz, 14oz, 16oz, Black, Pink, Red",Visit the Lions Store,4.5 out of 5 stars,"1,303 ratings",Â£14.95,True,"
33 answered questions
","
16 Feb. 2016
",True,17,3
XN8 Boxing Gloves for Training Punch bag - MMA - Muay Thai - Fighting - Kickboxing - Sparring - Punching Mitts,Visit the Xn8 Sports Store,4.6 out of 5 stars,296 ratings,Â£23.99,True,"
5 answered questions
","
9 Aug. 2015
",True,18,3
OhhGo Boxing Gloves 1Pair Training Boxing Fighting Muay Thai Sparring Punching Kickboxing Grappling Sandbag Gloves for Men Women,Brand: OhhGo,4.2 out of 5 stars,90 ratings,Â£7.99,False,0,"
29 Sept. 2019
",False,19,3
MMA Gloves for Martial Arts Training and Grappling Krav Maga Open Palm Liani Hide Leather Wrist Strap Sparring Mitts for Kickboxing Muay Thai Cage UFC Fighting Punching Combat (MULTI COLORS/SIZES),Visit the 3X Professional Choice Store,4.5 out of 5 stars,51 ratings,Â£20.99,True,0,"
15 Dec. 2018
",False,20,3
XN8 Boxing Gloves for Training Punch bag-Lamina Hide Leather Mitts For Fighting- Sparring- Muay Thai- Kickboxing-Great for Double End Speed Ball and Focus Pads Punching,Visit the Xn8 Sports Store,4.6 out of 5 stars,192 ratings,Â£18.99,True,0,"
9 Aug. 2015
",False,21,3
Lions Boxing Set Focus Pads Gloves Mitts Punch Bag MMA Training Hook &amp; Jab,Visit the Lions Store,4.7 out of 5 stars,102 ratings,Â£22.95 - Â£24.95,True,"
3 answered questions
","
18 Mar. 2015
",False,22,3
Farabi 4-Oz Kids Boxing Sparring Punching Bag Training Gloves Junior Pink,Brand: Farabi Sports,4.6 out of 5 stars,353 ratings,Â£12.99,False,0,"
17 Oct. 2012
",False,23,3
"Kids Boxing gloves, MMA, Muay thai junior punch bag mitts Black 6Oz by Farabi",Brand: Farabi Sports,4.6 out of 5 stars,204 ratings,Â£12.99,False,0,,False,24,3
Lions Max Star Boxing Gloves - Sparring Punch Bag Training Mitts | Martial Arts | Muay Thai | Kickboxing | Mma | Punching | Fight | Boxercise | Rex Leather | 10oz | 12oz,Visit the Lions Store,4.6 out of 5 stars,31 ratings,Â£14.95,True,0,"
24 Jun. 2019
",False,25,3
Mytra Fusion Boxing Gloves Real-Tech SL-4 Training Gloves,Visit the Mytra Fusion Store,4.6 out of 5 stars,335 ratings,Â£21.99,True,"
4 answered questions
","
4 Dec. 2019
",False,26,3
"Boxing Gloves for Martial Arts, Training and Muay Thai - Fighting Gloves for Kickboxing, MMA, Sparring, Punching -Mitts for Boxing Bag, Punch Bags, Boxing Pads, Focus Pads - Incl. Handy Carrying Bag",Brand: SUPER ACTIVE SPORTS MARTIAL,4.4 out of 5 stars,598 ratings,Â£24.90,True,0,"
6 Sept. 2020
",False,27,3
GRANT Boxing Gloves,Brand: GRANT,3.8 out of 5 stars,4 ratings,Â£100.00,False,"
3 answered questions
","
22 Aug. 2020
",False,28,3
Mytra Fusion Kids Boxing Gloves AL2,Visit the Mytra Fusion Store,4.6 out of 5 stars,220 ratings,Â£17.99,False,0,"
10 Jun. 2019
",False,29,3
"MAXSTRENGTH Boxing Gloves MMA Mitts for Sparring, Kickboxing, Heavy Punch Bag Grappling Dummy Double End Speed Ball &amp; Focus Pads Workout 6oz, 8oz, 10oz, 12oz 14oz, 16oz",Brand: MAXSTRENGTH,1.0 out of 5 stars,1 rating,Â£14.85,True,0,"
9 Oct. 2020
",False,30,3
"RDX Boxing Gloves for Training Muay Thai Maya Hide Leather NOIR Gloves for Sparring, Kickboxing, Fighting, Punch Bags and Focus Pads Punching Matte Black",Visit the RDX Store,4.7 out of 5 stars,"1,597 ratings",Â£28.99,True,"
28 answered questions
","
5 Oct. 2018
",True,31,3
,Brand: LorsoSport,,,Â£17.99,False,0,"
20 Sept. 2020
",True,32,3
"RDX Boxing Gloves for Training Muay Thai Maya Hide Leather Mitts for Sparring, Kickboxing, Fighting Great for Heavy Punch Bag, Double End Speed Ball Focus Pads Punching",Visit the RDX Store,4.6 out of 5 stars,75 ratings,Â£43.99,True,"
4 answered questions
","
25 Nov. 2019
",True,33,3
"Junior kids 6-oz Pink Boxing Gloves Sparring , training bag mitt gloves (Free Shipping)",Brand: Farabi Sports,4.6 out of 5 stars,219 ratings,Â£12.99,False,0,"
15 May 2012
",False,34,3
"RDX Boxing Gloves for Training Muay Thai, Maya Hide Leather Gloves for Sparring, Kickboxing, Fighting, Punch Bags and Focus Pads Punching",Visit the RDX Store,4.7 out of 5 stars,17 ratings,Â£45.99 - Â£46.99,True,0,"
27 July 2020
",False,35,3
"RDX Women Boxing Gloves for Training, Muay Thai â€“ Flora Skin Ladies Mitts for Sparring, Fighting, Kickboxing - Good for Punch Bag, Focus Pads and Double End Ball Punching",Visit the RDX Store,4.6 out of 5 stars,30 ratings,Â£33.99 - Â£36.99,True,"
6 answered questions
","
10 Aug. 2018
",False,36,3
Mytra Fusion Boxing Gloves Hexa-Tech SL-2,Visit the Mytra Fusion Store,4.7 out of 5 stars,156 ratings,Â£21.99,True,"
3 answered questions
","
22 Oct. 2018
",False,37,3
VIP Vital Impact Protection Acer PU Boxing Gloves MMA Martial Arts Fitness Beginner Training Gloves Mitts,Visit the VIP Store,5.0 out of 5 stars,6 ratings,Â£15.10 - Â£19.70,False,0,"
26 Aug. 2020
",False,38,3
"Rupla Kids 6oz Boxing Gloves and Focus Pads Set for Muay Thai, Kickboxing, Martial Arts, Karate, MMA Training +FREE speed Rope,+FREE Mesh Bag",Brand: Rupla,5.0 out of 5 stars,4 ratings,Â£29.99,False,0,"
2 May 2020
",False,39,3
"Kids Boxing Gloves, Boxing Kickboxing Punching Bag Muay Thai Mitts MMA Training Sparring Gloves for Youth Children Toddler Boy Girl 3-10 Years Old, 1 Pairs",Brand: Bestine,4.0 out of 5 stars,1 rating,Â£20.99,True,0,"
19 Sept. 2020
",False,40,3
Islero Fitness EVO Kids Boxing Gloves Junior MMA Bag Mitts GEL Punching Bag Muay Thai Martial Arts Kick Boxing Sparring Training Fighting UFC 4OZ 6OZ 8OZ,Brand: Islero Fitness,4.6 out of 5 stars,41 ratings,Â£14.99,False,0,"
22 Mar. 2016
",False,41,3
Evo Boxing Bag Inner GEL Gloves MMA Grappling hand wraps Martial Arts Bandages,Brand: EVO Fitness,4.3 out of 5 stars,153 ratings,Â£5.99,False,"
8 answered questions
","
25 Feb. 2016
",False,42,3
"GoMax Boxing Gloves for Training Muay Thai Genuine Cowhide Leather Infused Gel Gloves for Sparring, Kickboxing and Heavy Punching Bag, Fighting, Bag Mitts, Focus Mitts",Brand: GO MAX,4.1 out of 5 stars,10 ratings,Â£16.99,False,0,"
19 Aug. 2020
",False,43,3
EVO Leather MMA Gloves Body Combat Muay Thai Gel Kickboxing Grappling Sparring Training UFC Cage Fighting Mitts Punching Bag Martial Arts Karate,Brand: EVO Fitness,4.4 out of 5 stars,422 ratings,Â£8.99 - Â£9.99,False,"
13 answered questions
","
26 Feb. 2016
",False,44,3
Fairtex BGV11 F-Day Boxing Gloves Green,Brand: Fairtex,4.8 out of 5 stars,26 ratings,Â£109.00 - Â£109.99,False,0,"
11 Aug. 2015
",False,45,3
GEL ICON Leather Boxing Gloves MMA Training Fight Sparring Punching kickboxing,Visit the MAXX Pro Boxing Gear Store,4.5 out of 5 stars,35 ratings,Â£19.99 - Â£21.99,True,0,"
12 Jun. 2019
",False,46,3
Twins BGVL6 Deluxe Sparring Gloves Red Black Boxing Kickboxing Muay Thai,Brand: Twins special,5.0 out of 5 stars,1 rating,Â£105.95 - Â£124.99,False,0,"
9 Aug. 2019
",False,47,3
AQF Boxing Gloves for Training &amp; MMA Muay Thai Punch Bag Sparring MMA Gloves for Kickboxing Fighting &amp; punching bag with Extra Layers of Padding,Visit the AQF Store,4.3 out of 5 stars,6 ratings,Â£19.99,False,0,"
15 Oct. 2020
",False,48,3
Maxx Kids junior boxing gloves Rex leather 4oz - 8oz - Pink Training Gloves,Visit the MAXX Pro Boxing Gear Store,4.8 out of 5 stars,58 ratings,Â£15.99 - Â£22.99,True,0,"
18 April 2013
",False,49,3
Starpro M33 Single Shell Boxing Gloves | Matte Synthetic Leather | Black &amp; Green | For Training and Sparring in Muay Thai Kickboxing Fitness and Boxercise | Men &amp; Women | 8oz 10oz 12oz 14oz 16oz,Visit the Starpro Store,4.6 out of 5 stars,308 ratings,Â£23.99 - Â£26.99,True,0,"
7 Nov. 2018
",False,50,3
Starpro T20 Boxing Gloves| PU Leather| Black White Pink and Blue| For Training and Sparring in Muay Thai Kickboxing Fitness and Boxercise Men &amp; Women| 8oz 10oz 12oz 14oz 16oz,Visit the Starpro Store,4.6 out of 5 stars,507 ratings,Â£22.49 - Â£25.49,True,0,"
12 Dec. 2019
",False,51,3
Flexzion MMA Grappling Gloves - Muay Thai Training Punching Bag Mitts Kickboxing Fighting Protective Hand Gear Accessories Supplies with Bag for Mixed Martial Arts Combat Sports Gym UFC,Brand: Flexzion,3.7 out of 5 stars,27 ratings,Â£9.99,False,0,"
19 Mar. 2018
",False,52,3
"Lions 6oz Injection Mould Gloves, Ideal For Kids Ages 6-11 Years, Pair Of Sparring Mitts",Visit the Lions Store,5.0 out of 5 stars,1 rating,Â£14.95,True,0,"
30 Oct. 2019
",False,53,3
"V.Sports Hand Wrap Black, Blue, Red Padded Gel glove Boxing MMA Adult Quick wraps Kids hand wrap",Brand: V.Sports,4.2 out of 5 stars,65 ratings,Â£5.99 - Â£8.99,False,0,"
6 Feb. 2017
",False,56,3
Maxx boxing gloves Junior kids &amp; adult sizes Rex leather 4oz - 16oz martial arts glove,Visit the MAXX Pro Boxing Gear Store,4.6 out of 5 stars,314 ratings,Â£17.50 - Â£21.99,True,"
36 answered questions
","
17 Aug. 2013
",False,57,3
Valour Strike Boxing Gloves for Men Women Ladies Juniors &amp; Kids | Set in Ounce 16oz 14oz 12oz 10oz 8oz for Pro Sparring Kickboxing MMA Muay Thai or Boxercise Training Workout | Black Pawâ„¢,Visit the Valour Strike Store,4.6 out of 5 stars,177 ratings,Â£29.95,True,"
10 answered questions
","
17 Nov. 2016
",True,58,3
"RDX Boxing Hand Wraps Inner Gloves for Punching, Elasticated Padded Bandages under Mitts, Quick Long Wrist Support, Fist Protector, Great for MMA, Muay Thai, Kickboxing, Martial Arts Training",Visit the RDX Store,4.5 out of 5 stars,"2,831 ratings",Â£8.99,False,"
25 answered questions
","
1 Jun. 2015
",True,59,3
"Boxing Inner GEL Gloves for Punching Neoprene Padded Fist Protector Bandages under Mitts Quick Long 1 meter Wrist Support, Great for MMA, Muay Thai, Kickboxing, Martial Arts Training for Men &amp; Women",Brand: Vector sports &amp; Fitness,4.0 out of 5 stars,4 ratings,Â£8.99,False,0,"
30 Sept. 2020
",True,0,4
"Lions Boxing Gloves MMA Punch Bag Training Mitts 6oz, 8oz, 10oz, 14oz, 16oz, Black, Pink, Red",Visit the Lions Store,4.5 out of 5 stars,"1,303 ratings",Â£14.95,True,"
33 answered questions
","
5 Oct. 2015
",True,1,4
"LEONE 1947 Gn039 Boxing Gloves Unisex Adult, unisex_adult, GN039",Brand: LEONE 1947,4.4 out of 5 stars,261 ratings,Â£50.90,True,0,"
23 Oct. 2016
",True,2,4
Valour Strike Boxing Gloves for Men Women Ladies Juniors &amp; Kids | Set in Ounce 16oz 14oz 12oz 10oz 8oz for Pro Sparring Kickboxing MMA Muay Thai or Boxercise Training Workout | Black Pawâ„¢,Visit the Valour Strike Store,4.6 out of 5 stars,177 ratings,Â£29.95,True,"
10 answered questions
","
16 Aug. 2019
",True,3,4
Maxx Blue/White boxing gloves Junior kids &amp; adult sizes Rex leather,Visit the MAXX Pro Boxing Gear Store,4.3 out of 5 stars,17 ratings,Â£15.99 - Â£21.99,True,0,"
16 July 2020
",False,4,4
TapouT Dynamo Boxing Gloves Dura Hide Leather Kids &amp; Adults Sizes 4oz - 16oz **FREE HAND WRAPS**,Brand: TapouT,4.3 out of 5 stars,43 ratings,Â£14.99 - Â£19.99,False,0,"
16 Nov. 2018
",False,5,4
,Visit the RDX Store,,,Â£89.99,True,0,"
23 May 2018
",False,6,4
adidas Boxing Glove's,Visit the adidas Store,4.2 out of 5 stars,52 ratings,Â£44.00 - Â£61.40,True,0,"
8 Aug. 2017
",False,7,4
"ZooBoo MMA Gloves, Half-Finger Boxing Fight Gloves MMA Mitts with Adjustable Wrist Band UFC Gloves for Sanda Sparring Punching Bag Training Gloves",Brand: ZooBoo,4.4 out of 5 stars,"2,243 ratings",Â£16.98,False,"
38 answered questions
",,False,8,4
Adidas Hybrid 50 Boxing Gloves,Visit the adidas Store,4.1 out of 5 stars,25 ratings,Â£31.76,True,0,"
27 July 2020
",False,9,4
"Boxing Gloves, MPI Special made of Artificial Leather, Elegant and stylish look. Designed in UK - For Training Muay Thai Kickboxing, Sparring, Fighting. Great for Heavy Punch Bag, Speed Ball, Grappling Dummy and Focus Pads Punching",Brand: MPI,5.0 out of 5 stars,1 rating,Â£12.99,False,0,"
13 Nov. 2020
",False,10,4
Cleto Reyes Boxing Gloves,Brand: Cleto,4.5 out of 5 stars,2 ratings,Â£90.00,False,0,"
17 Oct. 2020
",False,11,4
Kids Boxing Gloves Leather Boxing Gloves MMA Mitts Children Sparring Boxing Gloves for Kickboxing Fighting Punch Bags MMA Training Muay Thai Mitts Age 5-12 Years,Brand: WingFly,4.0 out of 5 stars,20 ratings,Â£18.99,False,0,"
17 Aug. 2020
",False,12,4
LEONE 1947,Brand: LEONE 1947,4.6 out of 5 stars,63 ratings,Â£34.10 - Â£43.09,True,0,"
11 Aug. 2019
",False,13,4
Mytra Fusion Kids Hybrid Boxing Inner Gloves Hand Wraps Gel Padded Punching Boxing MMA Muay Thai inner Gloves,Visit the Mytra Fusion Store,4.5 out of 5 stars,81 ratings,Â£5.99,False,0,"
30 Aug. 2018
",False,14,4
VELO Boxing Gloves Crystal Leather Muay Thai Training Sparring Punching Bag Mitts kickboxing Fighting Glove for Punch Bag | Focus Pad | Arm kick Pad (ğ—™ğ—¿ğ—²ğ—² ğ—™ğ—®ğ—°ğ—² ğ— ğ—®ğ˜€ğ—¸),Visit the VELO Store,5.0 out of 5 stars,2 ratings,Â£21.99,True,0,"
12 Jun. 2020
",False,15,4
"A1 Fight Gear Boxing Gloves - 10oz, 12oz, 14oz, 16oz Top Grain Cowhide Leather Training Gloves, Hand Made, Fully Attached Thumb - Muay Thai, Kickboxing, Sparring, Boxercise, Punchbag",Visit the A1 Fight Gear Store,4.9 out of 5 stars,33 ratings,Â£39.97,True,0,"
5 Dec. 2020
",True,16,4
LionsÂ® Focus Pads Jab &amp; Hook Boxing Sparring Punching Gloves MMA Mitts Set,Visit the Lions Store,4.5 out of 5 stars,970 ratings,Â£22.95,True,0,"
17 Feb. 2016
",True,17,4
XN8 Boxing Gloves for Training Punch bag-Lamina Hide Leather Mitts For Fighting-Kickboxing-Sparring-Muay Thai-Great for Double End Speed Ball &amp; Focus Pads Punching,Visit the Xn8 Sports Store,4.4 out of 5 stars,29 ratings,Â£17.49,False,0,"
14 Oct. 2020
",True,18,4
"RDX Boxing Gloves for Training, Muay Thai Maya Hide Leather Mitts for Sparring, Kickboxing Fighting, Good for Punch Bag, Focus Pads, Grappling Dummy and Double End Speed Ball Punching",Visit the RDX Store,4.7 out of 5 stars,77 ratings,Â£18.99,False,0,"
15 May 2015
",False,19,4
,Visit the RDX Store,,,Â£119.99,True,0,"
23 May 2018
",False,20,4
EMRAH ESV-300 Boxing Gloves,Visit the EMRAH Store,4.4 out of 5 stars,290 ratings,Â£19.98,False,"
12 answered questions
","
28 Jun. 2015
",False,21,4
Mytra Fusion Boxing Gloves Punch Hard SL-5 Training Bag Gloves,Visit the Mytra Fusion Store,4.6 out of 5 stars,243 ratings,Â£21.99,True,"
3 answered questions
","
16 April 2018
",False,22,4
EVO Fitness Elasticated GEL Inner Gloves Boxing Bag Hand Wraps MMA Grappling UFC,Brand: EVO Fitness,4.3 out of 5 stars,205 ratings,Â£4.99,False,"
5 answered questions
","
24 Sept. 2013
",False,23,4
"Odoland Boxing Gloves with Hand Wraps and Sports Glove Deodorizers, Training Pro Grade Punching Heavy Bag Mitts, Matte Black Muay Thai Sparring Gloves Multi Size for Adult and Child",Visit the Odoland Store,4.5 out of 5 stars,38 ratings,Â£23.99,True,0,"
19 Oct. 2019
",False,24,4
2Fit Boxing Gel Inner Gloves Grappling Hand Wraps MMA Punch Bag Martial Art UFC UniSex,Visit the 2Fit Your Fitness Partner Store,4.0 out of 5 stars,61 ratings,Â£5.99,False,0,"
12 July 2016
",False,25,4
,Brand: Playwell,,,Â£28.99,True,0,"
9 April 2010
",False,26,4
Everlast Autographed Muhammad Ali Mini Boxing Gloves Special Edition (Copy of gloves given to Elvis),Brand: Everlast,4.6 out of 5 stars,41 ratings,Â£6.69,False,0,"
16 Jun. 2016
",False,27,4
FITPACT Boxing Inner Gloves Inner Mitts Knuckle Guards Muay Thai Padded Under Gloves Hand Wraps Fist Protector Kickboxing with Long Wrist Wraps,Visit the FITPACT Store,4.3 out of 5 stars,32 ratings,Â£7.99 - Â£13.49,False,0,"
17 April 2018
",False,28,4
,Brand: YING,,,Â£30.55,False,0,"
B08MTV8S2K
",False,29,4
Ringside Club Glove Black,Brand: Ringside Boxing,4.3 out of 5 stars,16 ratings,Â£61.93,True,0,"
19 May 2016
",False,30,4
Valour Strike Boxing Gloves for Men Women Ladies Juniors &amp; Kids | Glove Ounce set to 16oz 14oz 12oz 10oz 8oz | Pro Boxing Training Gloves for Sparring in Kickboxing MMA Muay Thai or Boxercise Training,Visit the Valour Strike Store,4.8 out of 5 stars,424 ratings,Â£29.95,True,"
36 answered questions
","
26 Feb. 2016
",True,31,4
Ringmaster Boxing Gloves Superfit Series Training Punch Bag Pads MMA Thai,Brand: Ringmaster,4.7 out of 5 stars,73 ratings,Â£24.99,True,"
3 answered questions
","
27 May 2015
",True,32,4
Valour Strike Boxing Gloves for Men Women Ladies Juniors &amp; Kids | Set Ounce 16oz 14oz 12oz 10oz 8oz For Pro Sparring Kickboxing MMA Muay Thai or Boxercise Training Workout | Red Pawâ„¢,Visit the Valour Strike Store,4.6 out of 5 stars,185 ratings,Â£29.95,True,"
7 answered questions
","
17 Nov. 2016
",True,33,4
Mytra Fusion Rage Boxing Gloves,Visit the Mytra Fusion Store,4.3 out of 5 stars,3 ratings,Â£24.99,True,0,"
11 Sept. 2019
",False,34,4
Ringmaster Sports Kids Boxing Gloves Carbon Leather Training Sparring Punch Bag Mitt,Brand: Ringmaster,4.7 out of 5 stars,176 ratings,Â£14.99 - Â£19.99,False,"
8 answered questions
","
26 Oct. 2015
",False,35,4
Rival RB7 Fitness Bag Training Gloves,Brand: Rival Boxing,4.4 out of 5 stars,3 ratings,Â£49.99,False,0,"
6 May 2019
",False,36,4
Starpro Kids Boxing Gloves Training - 6oz 8oz Junior Mitts for Muay Thai Sparring Fighting Kickboxing | Good for Youth Punch Bag Focus Pads Punching Children Mitts | Red Synthetic Leather,Visit the Starpro Store,5.0 out of 5 stars,8 ratings,Â£11.05,False,0,"
25 Aug. 2019
",False,37,4
LEONE 1947&nbsp;,Brand: LEONE 1947,4.5 out of 5 stars,616 ratings,Â£33.21 - Â£44.35,True,0,"
18 Oct. 2017
",False,38,4
Lorsoul Kick Boxing Gloves Pad Punch Target Bag Men MMA PU Karate Muay Thai Free Fight Sanda Training Adults Kids Equipment,Brand: Lorsoul,3.8 out of 5 stars,27 ratings,Â£5.63,False,0,"
B07W5YPVRM
",False,39,4
Islero MAYA Leather Boxing Gloves MMA Punch Bag Sparring Kick Boxing Training Muay Thai UFC,Brand: Islero,4.3 out of 5 stars,52 ratings,Â£15.99,False,0,"
19 Nov. 2016
",False,40,4
Farabi Kids Boxing Gloves 4-oz Blue,Brand: Farabi Sports,4.7 out of 5 stars,78 ratings,Â£12.99,False,0,"
21 April 2014
",False,41,4
,Brand: CLETO REYES,,,Â£203.99 - Â£219.99,False,0,"
13 Nov. 2017
",False,42,4
"Boxing Gloves 2oz, 4oz and 6oz Boxing Gloves for Training Punching Sparring Punching Bag Boxing Bag Gloves Punch Bag Mitts Muay Thai Kickboxing MMA Martial Arts Workout Gloves Boxing gloves",Brand: ONEX,3.4 out of 5 stars,3 ratings,Â£9.99,False,0,"
3 April 2018
",False,43,4
Everlast Pro Style Elite Training Boxing Gloves,Brand: Everlast,4.5 out of 5 stars,305 ratings,Â£29.99,True,0,"
3 Mar. 2015
",False,44,4
Venum Children's Contender Boxing Gloves,Visit the Venum Store,4.5 out of 5 stars,346 ratings,Â£30.48,True,0,"
14 Oct. 2016
",False,45,4
Venum Unisex Adult Elite Boxing Gloves,Visit the Venum Store,4.7 out of 5 stars,"3,534 ratings",Â£53.04 - Â£102.90,True,"
23 answered questions
","
15 Feb. 2017
",False,46,4
TapouT Atomic Boxing Gloves Dura Hide Leather Kids &amp; Adults Sizes 4oz - 16oz **FREE HAND WRAPS**,Brand: TapouT,4.3 out of 5 stars,33 ratings,Â£19.99,False,0,"
16 Nov. 2018
",False,47,4
Ringmaster Sports Cobra Series Boxing Gloves Training Sparring Fighting MMA Martial Arts Kickboxing Punching Double End Bag Focus Pads,Brand: Ringmaster,4.7 out of 5 stars,14 ratings,Â£29.99,True,0,"
19 April 2017
",False,48,4
Sport EG Shadow Aerobic Glove weighted shadow boxing gloves,Brand: Sport EG,3.7 out of 5 stars,28 ratings,Â£17.99,False,"
5 answered questions
","
31 Dec. 2015
",False,49,4
Kids Boxing Gloves 4oz 60z Boxing Gloves Junior for Training &amp; Muay Thai - Maya Hide Leather MMA Mitts for Sparring Fighting Kickboxing Punch Bag Martial Arts Dummy Focus Pads Boys &amp; Girls,Visit the 3X Professional Choice Store,4.5 out of 5 stars,121 ratings,Â£19.49,False,"
4 answered questions
","
8 Nov. 2018
",False,50,4
longeek Kids Boxing Gloves 4oz Junior Cartoon Training Sparring Punch Bag Mitt for Child Age 3 to 12 Years Blue,Brand: longeek,5.0 out of 5 stars,1 rating,Â£15.99,False,0,"
14 Nov. 2020
",False,51,4
Rival RB7 Fitness Bag Training Gloves,Brand: Rival Boxing,4.8 out of 5 stars,10 ratings,Â£49.99,False,0,"
7 May 2019
",False,52,4
"Rehomy Boxing Gloves, Pro Grade Kickboxing Fighting Sparring Muay Thai Training Gloves for Men &amp; Women",Brand: Rehomy,4.3 out of 5 stars,101 ratings,Â£15.99,False,0,"
26 Sept. 2019
",False,53,4
Farabi Kids Junior Inner Hand Wraps Gloves Easy Gel Padded Boxing Easy Gloves Pair,Brand: Farabi Sports,4.4 out of 5 stars,626 ratings,Â£5.99,False,"
5 answered questions
","
1 Dec. 2020
",False,54,4
VELO Boxing Gloves Microfiber Leather Muay Thai Training Sparring Punching Bag Mitts kickboxing Fighting Glove,Visit the VELO Store,4.5 out of 5 stars,36 ratings,Â£15.15 - Â£19.99,False,0,"
4 Oct. 2019
",False,55,4
FitsT4 Half Mitts UFC MMA Training Boxing Punch Bag Kickboxing Sparring Grappling Martial Arts Muay Thai Taekwondo Wrist Wraps Support Gloves for Women Men Kids,Brand: FitsT4 Sports,4.5 out of 5 stars,"2,889 ratings",Â£15.99,False,0,"
30 May 2018
",False,56,4
Sandee Authentic Leather Boxing Gloves Black/White,Brand: Sandee,4.8 out of 5 stars,32 ratings,Â£79.75 - Â£81.76,False,"
3 answered questions
","
12 Jan. 2014
",False,57,4
LEONE 1947 Shock Gloves,Brand: LEONE 1947,4.4 out of 5 stars,378 ratings,Â£53.00,True,0,"
3 Mar. 2016
",True,58,4
BES SmartÂ® Professional Boxing Gloves For Adults Youth Kids Men and Women Mitts Leather Pro Gel Muay Thai MMA Kick Boxing Sparring Grappling Fighting &amp; Training Punch Bag,Brand: BES,4.1 out of 5 stars,12 ratings,Â£14.99,False,0,"
21 Sept. 2020
",True,59,4
"Lions Boxing Gloves MMA Punch Bag Training Mitts 6oz, 8oz, 10oz, 14oz, 16oz, Black, Pink, Red",Visit the Lions Store,4.5 out of 5 stars,"1,303 ratings",Â£14.94,False,"
33 answered questions
","
16 Mar. 2015
",True,0,5
Valour Strike Boxing Gloves for Men Women Ladies Juniors &amp; Kids | Set in Ounce 16oz 14oz 12oz 10oz 8oz for Pro Sparring Kickboxing MMA Muay Thai or Boxercise Training Workout | Black Pawâ„¢,Visit the Valour Strike Store,4.6 out of 5 stars,177 ratings,Â£29.95,True,"
10 answered questions
","
16 Aug. 2019
",True,1,5
LEONE 1947&nbsp;,Brand: LEONE 1947,4.5 out of 5 stars,616 ratings,Â£44.35,True,0,"
25 Mar. 2016
",True,2,5
"LEONE 1947 Gn059 Boxing Gloves Unisex Adult, unisex_adult, GN059",Brand: LEONE 1947,4.4 out of 5 stars,736 ratings,Â£36.36 - Â£47.07,True,"
3 answered questions
","
13 April 2017
",False,4,5
Starpro Boxing Gloves Training Sparring - 10oz 12oz | Genuine Cowhide Leather Good for Mauy Thai Kickboxing Fighting Punching Fitness Exercise Heavy Duty Bag Mitts Workout | Black Red for Men &amp; Women,Visit the Starpro Store,4.5 out of 5 stars,2 ratings,Â£21.85 - Â£24.85,True,0,"
26 Aug. 2019
",False,5,5
LEONE 1947 Shock Gloves,Brand: LEONE 1947,4.4 out of 5 stars,378 ratings,Â£38.15 - Â£73.76,True,"
3 answered questions
","
6 May 2016
",False,6,5
Mytra Fusion Boxing Gloves Air Tech SL-6 Training Gloves,Visit the Mytra Fusion Store,4.4 out of 5 stars,112 ratings,Â£21.99,True,0,"
16 April 2018
",False,7,5
Twins BGVL6 Deluxe Sparring Gloves Olive Green Black Boxing Kickboxing Muay Thai,Brand: Twins special,4.0 out of 5 stars,1 rating,Â£110.99 - Â£131.24,False,0,"
9 Aug. 2019
",False,8,5
,Brand: We Print Balls,,,Â£30.00,True,0,"
17 Jan. 2021
",False,9,5
,Brand: Hayabusa,,,Â£159.99,True,0,"
16 Nov. 2020
",False,10,5
ALPHA FORCE MMA Gloves Matte Hide mma Training,Brand: ALPHA FORCE,4.2 out of 5 stars,34 ratings,Â£16.83,False,0,"
1 Sept. 2020
",False,11,5
,Brand: Shihan,,,Â£8.99,False,0,"
16 Sept. 2010
",False,12,5
Starpro S90 Wrist Shielded Boxing Gloves| Maya Hide Leather | Black and Blue| For Professional Training and Sparring in Muay Thai Kickboxing Fitness and Boxercise |Men &amp; Women| 8oz 10oz 12oz 14oz 16oz,Visit the Starpro Store,4.4 out of 5 stars,43 ratings,Â£26.99 - Â£29.99,True,0,"
28 Oct. 2019
",False,13,5
Fairtex Muay Thai Boxing Gloves White-Red Mexican Style BGV9,Brand: Fairtex,1.0 out of 5 stars,1 rating,Â£100.99 - Â£132.83,False,0,"
12 Dec. 2017
",False,14,5
"HUINING Kids Boxing Gloves, Punch Mitts MMA Gloves PU Cartoon Sparring Dajn Training Gloves, 4OZ, for Age 3-12 Years",Brand: HUINING,4.5 out of 5 stars,164 ratings,Â£18.99,False,0,"
5 May 2020
",False,15,5
Valour Strike Boxing Gloves for Men Women Ladies Juniors &amp; Kids | Glove Ounce set to 16oz 14oz 12oz 10oz 8oz | Pro Boxing Training Gloves for Sparring in Kickboxing MMA Muay Thai or Boxercise Training,Visit the Valour Strike Store,4.8 out of 5 stars,424 ratings,Â£29.95,True,"
36 answered questions
","
12 Aug. 2019
",True,16,5
"LEONE 1947 Gn039 Boxing Gloves Unisex Adult, unisex_adult, GN039",Brand: LEONE 1947,4.4 out of 5 stars,261 ratings,Â£53.44,True,0,"
2 Oct. 2016
",True,18,5
ITCMEE Boxing Gloves Sparring Boxing Training Gloves for Punch Bags and Focus Pads Muay Thai Fighting Kickboxing Training Mittsâ€¦,Brand: ITCMEE,3.5 out of 5 stars,10 ratings,Â£15.99,False,"
5 answered questions
","
22 July 2020
",False,19,5
GREEN HILL Comet Boxing Gloves Sparring Boxing Gloves Unisex - Adult,Brand: Green Hill,4.2 out of 5 stars,30 ratings,Â£29.98 - Â£49.99,True,0,"
19 Feb. 2019
",False,20,5
,Visit the MAXX Pro Boxing Gear Store,,,Â£17.99 - Â£22.99,True,0,"
21 Jan. 2021
",False,21,5
Pair of Leather Boxing Gloves black &amp; white punchbag Martial arts Training Glove,Visit the MAXX Pro Boxing Gear Store,4.5 out of 5 stars,2 ratings,Â£15.99 - Â£21.99,False,0,"
16 July 2020
",False,22,5
"ZooBoo MMA Gloves, UFC Gloves with High Tensile Material for Men Women Knuckle Wrist Protection, Fingerless Sparring Gloves for Training, Kickboxing, Muay Thai, Boxing, Punching",Brand: ZooBoo,4.2 out of 5 stars,74 ratings,Â£14.99,False,0,"
13 Jan. 2019
",False,23,5
2oz Kids Boxing Gloves Punch Bag Sparring Fight MMA Muay Thai Grappling Fight Mitts Martial Arts Training Kickboxing Punching Glove,Visit the Warrior Store,4.3 out of 5 stars,31 ratings,Â£14.99,False,0,"
31 July 2015
",False,25,5
Tatami Fightwear Combat Athletics Vintage Boxing Gloves Martial Arts MMA Combat Muay Thai Kickboxing,Visit the Tatami Fightwear Store,3.0 out of 5 stars,2 ratings,Â£60.00,False,0,"
23 May 2020
",False,26,5
,Visit the MAXX Pro Boxing Gear Store,,,Â£15.99 - Â£17.99,False,0,"
23 Nov. 2020
",False,27,5
Ringside Pro Fitness Boxing Gloves Red,Brand: Ringside Boxing,4.5 out of 5 stars,32 ratings,Â£52.83 - Â£55.00,True,0,"
26 May 2016
",False,28,5
Everlast Women's Pro Style Boxing Gloves,Brand: Everlast,4.4 out of 5 stars,185 ratings,Â£27.94 - Â£29.99,True,"
4 answered questions
","
10 Jan. 2012
",False,29,5
Farabi Boxing Gloves Training Sparring Punching Bag Focus Pads Training Gloves Pair,Brand: Farabi Sports,4.6 out of 5 stars,108 ratings,Â£19.99,False,0,"
28 Mar. 2015
",False,30,5
Lions Focus Pads and Gloves Set Boxing MMA Punch BagTraining Hook &amp; Jab Mitts Curved,Visit the Lions Store,4.6 out of 5 stars,307 ratings,Â£22.95,True,"
9 answered questions
","
16 Mar. 2015
",True,31,5
LEONE,Brand: LEONE 1947,4.3 out of 5 stars,120 ratings,Â£17.18,False,0,,True,32,5
Lions Kickboxing Gloves - Muay Thai Sparring MMA Mitts Punch Bag Training,Visit the Lions Store,5.0 out of 5 stars,1 rating,Â£14.95,True,0,"
15 April 2019
",True,33,5
Rival RB7 Fitness Bag Training Gloves,Brand: Rival Boxing,5.0 out of 5 stars,5 ratings,Â£49.99,False,0,"
7 May 2019
",False,34,5
BOOM Prime Gold Boxing Gloves 10oz 12oz 14oz 16oz Gloves Training Punching Sparring Muay Thai Punch Bag Mitts Kickboxing Grappling MMA Martial Arts Fighting Gym Workout Gloves,Brand: BOOM Prime,5.0 out of 5 stars,2 ratings,Â£17.99,False,0,"
3 Jan. 2020
",False,35,5
Boxing Gloves for Adults Men &amp; Women Training Punching Sparring Bag Fight Hide Leather Gloves Punch Bag Mitts Muay Thai Kickboxing MMA Martial Arts Workout 8-16 OZ,Brand: Vector Sports,4.5 out of 5 stars,257 ratings,Â£18.42 - Â£19.99,False,0,"
27 Feb. 2017
",False,36,5
,Brand: ULTRA FITNESS,,,Â£14.89,True,0,"
3 Nov. 2020
",False,37,5
Farabi Boxing Inner Gloves Hand Wraps Gel Easy Wraps Protector Gloves Adult Pair,Brand: Farabi Sports,4.4 out of 5 stars,674 ratings,Â£6.99,False,"
8 answered questions
","
10 July 2017
",False,38,5
,Brand: longeek,,,Â£19.99,False,0,"
14 Nov. 2020
",False,39,5
Fairtex Muay Thai Boxing Gloves The Painter White-Black Unique BGV14PT,Brand: Fairtex,4.2 out of 5 stars,7 ratings,Â£94.99 - Â£111.75,False,0,"
8 Dec. 2017
",False,40,5
"Boxing Gloves for Training 8oz 10oz 12oz 14oz 16oz, Muay Thai Punching Bag Mitts for Sparring, Martial Arts, Kickboxing, Fighting, MMA, Double End Speed Ball Workout, Dummy, Heavy Bag and Focus Pads",Visit the 3X Professional Choice Store,4.5 out of 5 stars,172 ratings,Â£22.99,True,0,"
15 Dec. 2018
",False,41,5
Kids Boxing Gloves PU Leather Children Muay Thai Kickboxing Fight Punching Gloves Sparring Training Gloves Punch Bag for Karate Muay Thai,Brand: Alomejor,4.5 out of 5 stars,4 ratings,Â£40.89,True,0,"
11 Jun. 2019
",False,42,5
"Beast Gear Boxing Gloves â€“ Simian Model Genuine Cowhide Leather Training Gloves - For Punch Bag, Pads, Sparring",Visit the Beast Gear Store,4.7 out of 5 stars,161 ratings,Â£49.97,True,"
8 answered questions
","
14 Oct. 2018
",False,43,5
"adidas Speed 200 Boxing Gloves, Unisex, adiSBG200, black/gold",Visit the adidas Store,3.3 out of 5 stars,4 ratings,Â£78.78 - Â£157.80,False,0,"
11 Dec. 2018
",False,44,5
Rival RB7 Fitness Bag Training Gloves Boxing Blue Red White,Brand: Rival Boxing,5.0 out of 5 stars,2 ratings,Â£49.99,False,0,"
16 April 2019
",False,45,5
Valour Strike Pro Leather Boxing Gloves Sparring Punch Bag Sparring Fight MMA Muay Thai Fight Adult Martial Arts Training Kickboxing Punching Glove Powerâ„¢,Visit the Valour Strike Store,4.4 out of 5 stars,8 ratings,Â£39.95,False,0,"
12 May 2019
",False,46,5
2 oz Kids Boxing Sparing Gloves junior Mitts MMA Training Punch Mauy Thai,Brand: ONEX,5.0 out of 5 stars,1 rating,Â£7.90,False,0,"
17 Jun. 2017
",False,47,5
,Brand: GO MAX,,,Â£15.99,False,0,"
24 Nov. 2019
",True,0,6
"GoMax Leather Boxing Gloves 6,8,10,12,14,16 oz Boxing Gloves for Training Punching bag Sparring, Punching Boxing Bag Gloves Mitts Muay Thai Kickboxing MMA Martial Arts Workout Gloves",Brand: GO MAX,4.6 out of 5 stars,410 ratings,Â£15.99,False,"
7 answered questions
","
14 Sept. 2019
",True,1,6
RIVAL Evolution Sparring Gloves,Brand: RIVAL,5.0 out of 5 stars,3 ratings,Â£149.99,False,0,"
2 July 2018
",True,2,6
,Brand: Generic,,,Â£12.99 - Â£15.99,False,0,"
26 Jan. 2021
",False,4,6
Evo Ladies Pink Elasticated Gel Gloves Boxing Wrist Hand Wraps Support Straps MMA Bag Inner Glove (Large/XL),Brand: EVO Fitness,4.2 out of 5 stars,54 ratings,Â£7.99,True,0,"
17 Oct. 2015
",False,5,6
Twins special Boxing Gloves Air Flow Grey-Black Sparring Training BGVLA-2,Brand: Twins special,5.0 out of 5 stars,3 ratings,Â£100.60 - Â£109.99,False,0,"
6 April 2018
",False,6,6
VELO. Pro Boxing Gloves mma Bag Training Sparring Punch Muay Thai Flex Leather Kickboxing Heavy Duty Hand Glove Wraps Professional For Men &amp; Women (Free Face Mask),Visit the VELO. Store,4.7 out of 5 stars,25 ratings,Â£15.99 - Â£22.99,False,0,"
28 Mar. 2019
",False,7,6
,Brand: Rival Boxing,,,Â£189.99,False,0,"
7 Aug. 2019
",False,8,6
MAXSTRENGTH Boxing Gloves Kickboxing Punching Training Muay Thai UFC Fight Mitts MMA Black/White,Brand: MAXSTRENGTH,4.7 out of 5 stars,4 ratings,Â£14.85 - Â£17.95,False,0,"
15 Nov. 2019
",False,9,6
,Brand: ARMAGEDDON SPORTS,,,Â£24.99,True,0,"
26 Jun. 2017
",False,10,6
"ONEX Kids/Junior Boxing Gloves for boys and Girls, Pu Leather Training Gloves for Sparring, Kickboxing, Punching Bag Boxing Training Glove Punching Bag Mitts Muay Thai 2oz",Brand: ONEX,3.6 out of 5 stars,7 ratings,Â£7.99,False,0,"
1 July 2018
",False,11,6
LEONE 1947,Brand: LEONE 1947,4.2 out of 5 stars,27 ratings,Â£22.51 - Â£48.24,True,0,"
5 Sept. 2019
",False,12,6
adidas Speed 50 Pink Womens Boxing Gym Training Gloves,Visit the adidas Store,4.7 out of 5 stars,43 ratings,Â£26.86 - Â£55.17,True,0,"
31 Aug. 2018
",False,13,6
Last Punch 2 Pairs Boxing Gloves &amp; 2 Sets of Head Gears Brand,Brand: Last Punch,3.0 out of 5 stars,7 ratings,Â£49.99,False,0,"
31 Mar. 2016
",False,14,6
,Brand: LBYB,,,Â£41.26,False,0,"
B08GP58HP1
",False,15,6
"A1 Fight Gear Boxing Gloves - 10oz, 12oz, 14oz, 16oz Top Grain Cowhide Leather Training Gloves, Hand Made, Fully Attached Thumb - Muay Thai, Kickboxing, Sparring, Boxercise, Punchbag",Visit the A1 Fight Gear Store,4.9 out of 5 stars,33 ratings,Â£39.97,True,0,"
5 Dec. 2020
",True,16,6
Valour Strike Boxing Gloves for Men Women Ladies Juniors &amp; Kids | Glove Ounce set to 16oz 14oz 12oz 10oz 8oz | Pro Boxing Training Gloves for Sparring in Kickboxing MMA Muay Thai or Boxercise Training,Visit the Valour Strike Store,4.8 out of 5 stars,424 ratings,Â£29.95,True,"
36 answered questions
","
27 Jun. 2015
",True,17,6
"Lions Boxing Gloves MMA Punch Bag Training Mitts 6oz, 8oz, 10oz, 14oz, 16oz, Black, Pink, Red",Visit the Lions Store,4.5 out of 5 stars,"1,303 ratings",Â£14.94,False,"
33 answered questions
","
16 Mar. 2015
",True,18,6
"VELO. Kids Boxing Gloves Junior Mitts Children 6oz, 4oz Training Bag Sparring Gel Punch Glove mma Punchbag Pad Punching (4oz, Batman)",Brand: VELO.,5.0 out of 5 stars,2 ratings,Â£16.99,True,0,"
28 Mar. 2019
",False,19,6
Cleto Reyes FREE Boxing Gloves Traditional Lace Up Training Gloves Red Sold by MinotaurFightStore,Brand: CLETO REYES,3.3 out of 5 stars,5 ratings,Â£195.99,False,0,"
4 Jun. 2018
",False,20,6
Everlast Pro Style Training Gloves,Brand: Everlast,4.7 out of 5 stars,"15,672 ratings",Â£33.90 - Â£80.72,False,0,"
21 Mar. 2015
",False,21,6
VELO. Boxing Gloves Flex Pro Leather Muay Thai Training Sparring Punching MMA Mitts kickboxing Fighting Glove for Punch Bag | Focus Pad | Arm kick Pad (Free Face Mask),Visit the VELO. Store,4.2 out of 5 stars,24 ratings,Â£14.99 - Â£17.99,False,0,"
28 Mar. 2019
",False,22,6
Twins special 2-Tone Black-White Boxing Gloves,Brand: Twins special,5.0 out of 5 stars,2 ratings,Â£109.99,False,0,"
18 Nov. 2014
",False,23,6
Lions Boxing Gloves and Pads - Hook &amp; Jab Mitts Sparring Gloves Set Mma Punch Bag Training Kit,Visit the Lions Store,4.5 out of 5 stars,123 ratings,Â£22.95 - Â£26.95,True,0,"
14 April 2019
",False,24,6
"DXD Boxing gloves for training combative sports Maya Hide Leather Sparring Mitts, Perfect gloves for boxing, kickboxing, punch bags, fighting and focus pads punching with matt black finish small medium large extra large",Brand: DxD,4.5 out of 5 stars,4 ratings,Â£24.99,True,0,"
14 Aug. 2020
",False,25,6
